Age_lt_33,Sex,Job,Housing,Saving accounts,Checking account,Credit amount,Duration,Purpose:investment,Purpose:leisure,Purpose:personal,GoodCustomer
0,1,2,1,0,1,1169,6,0,0,1,1
1,0,2,1,1,2,5951,48,0,0,1,0
0,1,1,1,1,0,2096,12,1,0,0,1
0,1,2,0,1,1,7882,42,0,0,1,1
0,1,2,0,1,1,4870,24,0,1,0,0
0,1,1,0,0,0,9055,36,1,0,0,1
0,1,2,1,4,0,2835,24,0,0,1,1
0,1,3,1,1,2,6948,36,0,1,0,1
0,1,1,1,3,0,3059,12,0,0,1,1
1,1,3,1,1,2,5234,30,0,1,0,0
1,0,2,1,1,2,1295,12,0,1,0,0
1,0,2,1,1,1,4308,48,1,0,0,0
1,0,2,1,1,2,1567,12,0,0,1,1
0,1,1,1,1,1,1199,24,0,1,0,0
1,0,2,1,1,1,1403,15,0,1,0,1
1,0,1,1,2,1,1282,24,0,0,1,0
0,1,2,1,0,0,2424,24,0,0,1,1
1,1,2,1,0,1,8072,30,1,0,0,1
0,0,3,0,1,2,12579,24,0,1,0,0
1,1,2,1,4,0,3430,24,0,0,1,1
0,1,2,1,1,0,2134,9,0,1,0,1
0,1,2,1,4,1,2647,6,0,0,1,1
0,1,1,1,1,1,2241,10,0,1,0,1
0,1,2,1,2,2,1804,12,0,1,0,1
1,1,2,1,0,0,2069,10,0,0,1,1
0,1,1,1,1,1,1374,6,0,0,1,1
0,1,1,1,1,0,426,6,0,0,1,1
0,0,2,1,3,3,409,12,0,0,1,1
0,1,2,1,1,2,2415,7,0,0,1,1
0,1,2,1,1,1,6836,60,1,0,0,0
0,1,2,1,3,2,1913,18,1,0,0,1
1,1,2,1,1,1,4020,24,0,0,1,1
1,1,2,1,2,2,5866,18,0,1,0,1
0,1,1,1,0,0,1264,12,1,0,0,1
1,0,3,1,1,3,1474,12,0,0,1,1
1,1,1,1,1,2,4746,45,0,0,1,0
1,1,2,0,1,0,6110,48,1,0,0,1
0,1,2,1,1,3,2100,18,0,0,1,0
0,1,2,1,1,3,1225,10,0,0,1,1
1,1,2,1,1,2,458,9,0,0,1,1
1,1,3,1,4,0,2333,30,0,0,1,1
1,1,2,1,4,2,1158,12,0,0,1,1
0,1,1,1,1,2,6204,18,0,0,1,1
1,1,2,1,2,1,6187,30,0,1,0,1
0,0,1,0,1,1,6143,48,0,1,0,0
0,0,3,1,1,0,1393,11,0,1,0,1
0,1,2,1,4,0,2299,36,0,0,1,1
1,0,0,1,4,1,1352,6,0,1,0,1
0,1,1,1,1,0,7228,11,0,1,0,1
1,0,2,1,2,0,2073,12,0,0,1,1
1,1,1,1,0,2,2333,24,0,0,1,1
1,1,3,1,1,2,5965,27,0,1,0,1
1,1,2,1,1,0,1262,12,0,0,1,1
1,1,2,1,0,0,3378,18,0,1,0,1
0,1,2,0,1,2,2225,36,0,1,0,0
1,1,1,1,0,0,783,6,0,1,0,1
0,1,3,1,0,2,6468,12,0,0,1,0
1,0,2,1,1,0,9566,36,0,0,1,1
1,0,3,1,1,3,1961,18,0,1,0,1
1,0,1,1,1,1,6229,36,0,0,1,0
1,1,2,1,1,2,1391,9,1,0,0,1
0,1,2,1,0,2,1537,15,0,0,1,1
0,1,3,0,1,2,1953,36,1,0,0,0
1,1,2,1,1,2,14421,48,1,0,0,0
1,0,2,1,1,0,3181,24,0,0,1,1
0,1,2,1,0,0,5190,27,0,0,1,1
1,0,2,1,1,0,2171,12,0,0,1,1
1,1,2,1,3,2,1007,12,0,1,0,1
0,1,2,0,1,0,1819,36,1,0,0,0
1,0,2,1,0,0,2394,36,0,0,1,1
1,0,2,1,1,0,8133,36,0,1,0,1
0,1,1,1,0,0,730,7,0,0,1,1
0,1,3,0,1,1,1164,8,0,1,0,1
0,0,1,1,1,2,5954,42,1,0,0,1
0,1,3,1,0,1,1977,36,1,0,0,0
0,1,3,0,1,1,1526,12,0,1,0,1
0,1,2,1,1,1,3965,42,0,0,1,0
0,1,2,1,1,2,4771,11,0,0,1,1
0,1,1,1,0,0,9436,54,0,1,0,1
1,1,2,1,1,2,3832,30,0,0,1,1
0,0,2,1,0,0,5943,24,0,0,1,0
0,1,2,1,4,0,1213,15,0,0,1,1
1,0,1,1,2,0,1568,18,1,0,0,1
0,0,1,1,1,1,1755,24,0,1,0,1
0,1,1,1,1,1,2315,10,0,0,1,1
1,0,3,1,1,0,1412,12,1,0,0,1
1,0,2,1,1,2,1295,18,0,0,1,1
0,1,2,0,2,2,12612,36,1,0,0,0
1,1,3,1,2,1,2249,18,0,1,0,1
1,1,2,1,1,1,1108,12,0,0,1,0
0,1,2,1,1,0,618,12,0,0,1,1
0,1,2,1,1,1,1409,12,0,1,0,1
1,0,1,1,0,0,797,12,0,0,1,0
1,1,2,1,0,3,3617,24,0,0,1,1
0,1,2,1,3,2,1318,12,0,1,0,1
0,1,2,1,1,2,15945,54,1,0,0,0
0,0,2,1,0,0,2012,12,1,0,0,1
0,1,2,1,2,2,2622,18,1,0,0,1
0,1,2,1,1,2,2337,36,0,0,1,1
0,1,3,1,0,2,7057,20,0,1,0,1
0,1,1,1,2,0,1469,24,0,1,0,1
1,1,2,1,1,2,2323,36,0,0,1,1
1,0,2,1,1,0,932,6,0,0,1,1
0,1,2,1,1,2,1919,9,0,0,1,1
1,1,2,1,0,0,2445,12,0,1,0,1
0,1,3,1,1,2,11938,24,0,1,0,0
0,1,3,1,1,0,6458,18,0,1,0,0
1,1,2,1,1,2,6078,12,0,1,0,1
1,0,2,1,0,1,7721,24,0,0,1,1
0,1,2,1,4,2,1410,14,1,0,0,1
1,1,2,1,2,2,1449,6,1,0,0,1
1,0,2,1,1,3,392,15,1,0,0,1
1,1,1,1,1,2,6260,18,0,1,0,1
1,0,2,1,1,0,7855,36,0,1,0,0
0,1,2,1,4,1,1680,12,0,0,1,1
0,1,2,1,0,0,3578,48,0,0,1,1
1,0,3,1,0,1,7174,42,0,0,1,0
1,0,2,1,0,1,2132,10,0,0,1,1
1,0,2,1,4,1,4281,33,0,0,1,0
0,1,3,1,4,2,2366,12,0,1,0,1
1,0,2,1,1,1,1835,21,0,0,1,0
0,0,3,1,1,0,3868,24,0,1,0,1
1,1,1,1,1,0,1768,12,0,0,1,1
0,1,2,0,1,3,781,10,0,1,0,1
1,0,2,1,0,2,1924,18,0,0,1,0
1,1,2,1,1,1,2121,12,0,1,0,1
0,1,1,1,1,1,701,12,0,0,1,1
1,1,2,1,1,2,639,12,0,0,1,0
0,1,3,1,1,2,1860,12,0,1,0,1
1,0,2,1,1,1,3499,12,0,1,0,0
1,0,2,1,0,2,8487,48,0,1,0,1
1,1,2,1,1,1,6887,36,1,0,0,0
1,1,1,1,1,0,2708,15,0,0,1,1
0,1,2,0,1,0,1984,18,0,0,1,1
1,0,2,1,2,0,10144,60,0,0,1,1
0,0,2,1,0,0,1240,12,0,0,1,1
1,1,2,1,3,0,8613,27,0,1,0,1
0,1,1,1,4,2,766,12,0,0,1,0
0,1,2,1,0,2,2728,15,0,0,1,1
0,0,1,1,1,3,1881,12,0,0,1,1
1,1,0,1,3,3,709,6,0,1,0,1
1,0,3,1,1,2,4795,36,0,0,1,1
1,1,3,1,1,1,3416,27,0,0,1,1
1,1,2,1,1,1,2462,18,0,0,1,0
1,0,2,1,1,0,2288,21,0,0,1,1
1,1,2,1,2,2,3566,48,1,0,0,1
0,0,2,1,1,1,860,6,0,1,0,1
0,0,2,1,2,0,682,12,0,1,0,1
1,1,2,1,1,1,5371,36,0,0,1,1
0,1,2,1,3,0,1582,18,0,0,1,1
0,1,2,0,2,0,1346,6,0,0,1,1
0,1,2,1,1,0,1924,10,0,0,1,1
1,1,2,1,1,3,5848,36,0,0,1,1
1,0,2,1,3,2,7758,24,0,1,0,1
0,1,3,1,2,2,6967,24,1,0,0,1
1,0,2,1,1,1,1282,12,0,0,1,0
0,1,2,1,2,1,1288,9,0,0,1,1
0,1,1,1,1,1,339,12,1,0,0,1
0,1,2,1,2,2,3512,24,0,1,0,1
0,1,1,1,0,0,1898,6,0,0,1,1
0,1,2,1,2,0,2872,24,0,0,1,1
1,0,2,1,1,0,1055,18,0,1,0,1
0,1,2,1,4,0,1262,15,0,0,1,1
0,1,3,0,1,2,7308,10,0,1,0,1
0,1,2,1,4,0,909,36,0,1,0,1
1,1,2,1,4,0,2978,6,0,0,1,1
1,0,2,1,1,1,1131,18,0,0,1,0
1,0,2,1,3,2,1577,11,0,0,1,1
1,0,2,1,1,0,3972,24,0,0,1,1
1,1,2,1,1,2,1935,24,1,0,0,0
1,1,2,1,1,1,950,15,0,1,0,0
1,0,2,1,1,0,763,12,0,0,1,1
0,0,3,1,1,2,2064,24,0,0,1,0
1,1,2,1,1,2,1414,8,0,0,1,1
1,1,2,1,1,1,3414,21,1,0,0,0
0,0,3,1,0,0,7485,30,0,1,0,0
0,1,2,1,1,1,2577,12,0,0,1,1
0,1,2,1,4,1,338,6,0,0,1,1
1,1,3,1,1,0,1963,12,0,0,1,1
0,1,2,1,1,1,571,21,0,1,0,1
1,1,2,1,1,0,9572,36,1,0,0,0
1,1,3,1,1,2,4455,36,1,0,0,0
0,1,1,1,0,1,1647,21,0,1,0,0
0,1,2,1,3,0,3777,24,0,0,1,1
0,1,2,1,1,2,884,18,0,1,0,0
1,1,2,1,1,0,1360,15,0,0,1,1
0,0,3,0,1,2,5129,9,0,1,0,0
0,1,0,0,1,2,1175,16,0,1,0,1
1,1,2,1,2,1,674,12,0,0,1,0
1,0,2,1,1,2,3244,18,0,0,1,1
0,1,3,1,3,0,4591,24,1,0,0,0
0,1,1,0,2,2,3844,48,1,0,0,0
0,1,2,1,1,2,3915,27,1,0,0,0
1,1,2,1,1,0,2108,6,0,0,1,1
1,1,2,1,2,2,3031,45,0,0,1,0
0,0,3,1,1,2,1501,9,1,0,0,0
1,0,2,1,1,0,1382,6,0,0,1,1
1,0,2,1,2,2,951,12,0,0,1,0
0,1,2,0,0,2,2760,24,0,1,0,1
0,1,3,1,1,2,4297,18,0,0,1,0
0,1,2,1,4,0,936,9,1,0,0,1
1,1,1,1,1,1,1168,12,0,1,0,1
1,1,2,1,1,0,5117,27,1,0,0,1
1,1,2,1,1,1,902,12,1,0,0,0
0,1,1,1,1,0,1495,12,0,1,0,1
0,1,3,0,1,1,10623,30,0,1,0,1
0,1,2,1,1,0,1935,12,0,0,1,1
1,1,2,1,1,2,1424,12,0,0,1,1
1,1,1,1,1,1,6568,24,1,0,0,1
0,1,2,1,3,0,1413,12,0,1,0,1
1,1,2,1,0,0,3074,9,0,0,1,1
0,0,1,1,0,0,3835,36,0,0,1,1
0,1,2,1,1,1,5293,27,1,0,0,0
0,1,3,1,1,3,1908,30,1,0,0,0
0,1,2,1,0,0,3342,36,0,0,1,1
0,0,1,1,0,2,932,6,1,0,0,1
1,1,2,1,1,1,3104,18,1,0,0,1
1,1,2,1,1,3,3913,36,0,0,1,1
1,1,1,1,1,1,3021,24,0,0,1,1
0,0,2,1,1,0,1364,10,0,1,0,1
1,1,1,1,1,2,625,12,0,0,1,1
1,0,2,1,0,1,1200,12,1,0,0,1
1,1,2,1,1,0,707,12,0,0,1,1
1,1,2,1,0,0,2978,24,1,0,0,1
1,1,2,1,1,0,4657,15,0,1,0,1
1,1,2,1,1,0,2613,36,0,0,1,1
1,1,2,1,3,2,10961,48,0,0,1,0
0,1,3,0,1,1,7865,12,0,0,1,0
1,1,2,1,1,0,1478,9,0,0,1,0
1,1,2,0,1,1,3149,24,0,0,1,1
1,1,2,1,1,3,4210,36,0,0,1,0
0,1,1,0,4,0,2507,9,0,1,0,1
0,1,2,1,2,0,2141,12,0,0,1,1
1,1,1,1,1,2,866,18,0,0,1,1
0,1,1,1,1,0,1544,4,0,0,1,1
1,1,3,1,1,1,1823,24,0,0,1,0
1,1,0,1,0,2,14555,6,0,1,0,0
0,1,1,1,2,2,2767,21,1,0,0,0
0,0,2,1,1,0,1291,12,0,0,1,1
0,1,2,1,1,1,2522,30,0,0,1,1
1,0,2,1,0,1,915,24,0,1,0,0
0,1,2,1,1,0,1595,6,0,0,1,1
1,1,2,0,1,1,4605,48,0,1,0,0
1,0,2,1,1,0,1185,12,1,0,0,1
0,0,1,1,4,0,3447,12,1,0,0,1
1,1,2,1,1,0,1258,24,1,0,0,1
0,1,2,1,1,0,717,12,0,0,1,1
0,1,2,1,2,0,1204,6,0,1,0,1
1,1,2,1,1,3,1925,24,0,0,1,1
1,0,2,1,1,0,433,18,0,0,1,0
0,0,1,1,3,1,666,6,0,1,0,1
0,0,1,1,1,3,2251,12,0,0,1,1
1,0,2,1,1,2,2150,30,0,1,0,0
0,1,2,1,2,0,4151,24,0,0,1,1
1,1,2,1,0,2,2030,9,0,0,1,1
1,1,1,1,0,2,7418,60,0,0,1,1
0,1,1,1,1,0,2684,24,0,0,1,1
1,1,2,0,1,1,2149,12,0,0,1,0
1,0,2,1,2,0,3812,15,0,1,0,1
0,0,1,1,2,0,1154,11,0,0,1,1
1,1,2,1,1,1,1657,12,0,0,1,1
0,0,2,1,1,1,1603,24,0,0,1,1
0,1,3,0,1,1,5302,18,0,1,0,1
0,0,1,0,1,0,2748,12,1,0,0,1
1,1,1,1,1,0,1231,10,0,1,0,1
0,1,2,1,1,2,802,15,0,0,1,0
0,1,2,1,0,0,6304,36,1,0,0,1
0,0,2,1,1,0,1533,24,0,0,1,1
0,1,3,1,1,1,8978,14,0,1,0,0
1,1,2,1,0,0,999,24,0,0,1,1
1,1,2,1,0,0,2662,18,0,1,0,1
0,0,2,1,4,0,1402,12,0,0,1,1
0,1,3,0,0,2,12169,48,0,1,0,1
1,1,2,1,1,2,3060,48,0,0,1,0
0,1,1,1,1,1,11998,30,0,0,1,0
1,1,2,1,1,0,2697,9,0,0,1,1
1,0,2,1,1,0,2404,18,0,0,1,1
0,1,1,1,0,1,1262,12,0,0,1,1
1,0,2,1,1,0,4611,6,0,0,1,0
1,1,3,1,2,0,1901,24,0,0,1,1
1,1,2,1,3,0,3368,15,0,1,0,1
0,1,2,1,1,0,1574,12,0,0,1,1
0,1,1,1,0,3,1445,18,0,0,1,1
0,1,2,1,0,0,1520,15,0,0,1,1
0,1,2,1,2,2,3878,24,0,1,0,1
0,0,1,1,1,1,10722,47,0,1,0,1
1,1,2,1,1,1,4788,48,0,1,0,1
1,1,3,0,2,2,7582,48,0,1,0,1
0,0,2,1,1,2,1092,12,0,0,1,1
0,1,2,1,1,1,1024,24,0,0,1,0
1,1,2,1,1,0,1076,12,1,0,0,1
1,1,3,1,1,2,9398,36,0,1,0,0
0,0,3,0,1,1,6419,24,0,1,0,1
0,1,2,0,1,3,4796,42,0,1,0,1
0,1,3,1,0,0,7629,48,1,0,0,1
1,0,2,1,1,2,9960,48,0,0,1,0
1,0,2,1,0,0,4675,12,0,1,0,1
0,1,1,1,0,0,1287,10,0,1,0,1
0,1,2,1,1,0,2515,18,0,0,1,1
1,1,2,1,3,2,2745,21,0,0,1,1
0,0,0,1,1,0,672,6,0,1,0,1
0,0,2,1,1,2,3804,36,0,0,1,0
0,1,1,1,0,3,1344,24,0,1,0,0
0,1,2,1,1,1,1038,10,0,1,0,1
0,1,2,0,4,0,10127,48,0,1,0,0
1,1,2,1,3,0,1543,6,0,0,1,1
1,0,1,1,0,0,4811,30,0,1,0,1
1,1,1,1,2,1,727,12,0,0,1,0
1,0,2,1,1,2,1237,8,0,0,1,0
1,1,1,1,1,2,276,9,0,1,0,1
0,1,0,0,0,2,5381,48,0,1,0,1
1,1,2,1,2,0,5511,24,0,0,1,1
1,0,2,1,1,3,3749,24,0,0,1,1
1,1,1,1,1,2,685,12,0,1,0,0
1,1,1,1,0,3,1494,4,0,1,0,1
1,1,2,1,1,1,2746,36,0,0,1,0
0,1,1,1,1,1,708,12,0,0,1,1
0,0,1,1,0,2,4351,24,0,0,1,1
1,1,2,1,1,0,701,12,1,0,0,1
1,0,1,1,1,1,3643,15,0,0,1,1
1,1,3,1,1,2,4249,30,0,1,0,0
1,1,2,1,1,1,1938,24,0,0,1,0
0,1,3,0,1,1,2910,24,0,1,0,1
1,1,2,1,3,1,2659,18,0,0,1,1
0,0,2,1,1,0,1028,18,0,1,0,1
0,1,1,1,1,1,3398,8,0,1,0,1
0,1,2,1,0,0,5801,12,0,0,1,1
0,0,2,1,3,0,1525,24,0,1,0,1
1,1,2,1,1,3,4473,36,0,0,1,1
1,1,2,1,1,2,1068,6,0,0,1,1
0,1,3,0,1,1,6615,24,0,1,0,1
1,0,2,1,2,0,1864,18,1,0,0,0
1,0,3,1,2,2,7408,60,0,1,0,0
1,0,1,1,2,0,11590,48,0,1,0,0
1,1,2,1,1,1,4110,24,0,0,1,0
0,1,3,1,1,1,3384,6,0,0,1,0
1,0,1,1,1,2,2101,13,0,0,1,1
1,0,2,1,0,1,1275,15,0,0,1,0
1,1,2,1,1,1,4169,24,0,0,1,1
1,1,1,1,1,2,1521,10,0,0,1,1
1,0,2,0,1,2,5743,24,1,0,0,1
1,0,1,1,1,1,3599,21,0,0,1,1
1,1,2,1,4,2,3213,18,0,0,1,1
1,1,3,1,1,2,4439,18,1,0,0,1
0,1,1,1,1,3,3949,10,0,1,0,1
0,0,1,1,1,0,1459,15,0,0,1,1
1,1,2,1,1,2,882,13,0,0,1,1
1,0,0,1,4,2,3758,24,0,0,1,1
0,1,1,1,2,0,1743,6,1,0,0,1
1,1,2,0,3,2,1136,9,1,0,0,0
1,0,2,1,1,0,1236,9,0,0,1,1
1,0,2,1,1,2,959,9,0,0,1,0
0,1,3,1,0,0,3229,18,0,1,0,1
1,1,2,1,1,1,6199,12,0,0,1,0
0,1,2,0,4,0,727,10,1,0,0,1
1,1,1,1,1,2,1246,24,0,1,0,0
0,1,2,1,0,0,2331,12,0,0,1,1
1,1,3,1,1,0,4463,36,0,0,1,0
1,1,2,1,1,0,776,12,0,0,1,1
1,0,2,1,1,1,2406,30,0,0,1,0
0,1,2,0,0,2,1239,18,1,0,0,1
0,1,3,1,0,3,3399,12,0,0,1,1
0,0,2,1,1,3,2247,12,0,1,0,1
1,1,2,1,1,0,1766,6,0,0,1,1
1,1,0,1,1,1,2473,18,0,0,1,0
0,1,2,1,1,0,1542,12,1,0,0,1
1,1,2,1,1,0,3850,18,0,1,0,1
1,0,2,1,1,1,3650,18,0,0,1,1
0,1,2,1,1,1,3446,36,0,0,1,0
0,0,2,1,1,2,3001,18,0,0,1,1
0,1,2,1,0,0,3079,36,0,1,0,1
1,1,2,1,1,0,6070,18,0,0,1,1
1,0,2,1,1,0,2146,10,0,0,1,1
0,1,3,0,0,0,13756,60,0,1,0,1
0,0,3,0,2,2,14782,60,0,1,0,0
0,0,2,1,1,1,7685,48,1,0,0,0
0,1,2,1,1,0,2320,18,0,0,1,1
0,1,2,0,0,0,846,7,0,0,1,1
0,1,3,0,1,2,14318,36,0,1,0,0
0,0,1,1,2,0,362,6,0,1,0,1
0,1,2,1,0,1,2212,20,0,0,1,1
0,0,3,0,1,2,12976,18,0,1,0,0
1,0,2,1,0,0,1283,22,0,1,0,1
1,1,2,1,1,3,1330,12,0,1,0,1
1,1,1,1,2,0,4272,30,1,0,0,1
1,0,2,1,1,0,2238,18,0,0,1,1
1,0,2,1,0,0,1126,18,0,0,1,1
0,1,3,1,1,2,7374,18,0,0,1,1
1,1,2,1,4,2,2326,15,1,0,0,1
1,0,2,1,1,0,1449,9,1,0,0,1
1,1,3,1,1,0,1820,18,0,1,0,1
1,0,1,1,3,2,983,12,0,0,1,1
0,1,3,0,1,1,3249,36,0,1,0,1
1,0,2,1,1,1,1957,6,0,0,1,1
1,1,3,1,1,0,2406,9,0,0,1,1
1,1,2,1,2,2,11760,39,1,0,0,1
0,0,3,0,1,1,2578,12,0,0,1,1
0,1,2,1,1,1,2348,36,0,0,1,1
0,1,2,1,1,2,1223,12,0,1,0,0
0,0,1,1,3,0,1516,24,0,0,1,1
0,1,2,1,1,0,1473,18,0,0,1,1
1,1,2,1,0,2,1887,18,1,0,0,1
1,1,2,1,1,0,8648,24,1,0,0,0
1,1,1,1,1,0,802,14,0,1,0,1
0,1,2,1,0,2,2899,18,0,1,0,1
1,1,2,1,1,2,2039,24,0,0,1,0
0,1,2,1,0,0,2197,24,0,1,0,1
1,1,2,1,1,1,1053,15,0,0,1,1
1,1,3,1,4,0,3235,24,0,0,1,1
1,1,2,1,4,3,939,12,0,1,0,0
1,0,2,1,1,2,1967,24,0,0,1,1
0,1,3,1,1,0,7253,33,0,1,0,1
0,1,3,1,1,0,2292,12,1,0,0,0
0,1,1,1,4,0,1597,10,0,1,0,1
0,0,2,1,0,1,1381,24,0,1,0,0
0,1,2,1,1,0,5842,36,0,1,0,1
1,1,1,1,1,1,2579,12,0,1,0,0
1,0,2,1,0,1,8471,18,1,0,0,1
1,0,3,1,4,0,2782,21,0,1,0,1
1,0,2,1,0,2,1042,18,0,1,0,0
1,0,2,1,3,0,3186,15,0,1,0,1
1,1,2,1,0,2,2028,12,0,1,0,1
0,1,1,1,1,2,958,12,0,1,0,1
0,1,3,1,2,0,1591,21,0,0,1,1
1,0,2,1,0,2,2762,12,0,0,1,0
1,1,2,1,1,2,2779,18,0,1,0,1
1,1,2,1,1,0,2743,28,0,0,1,1
0,1,2,1,3,0,1149,18,0,0,1,1
1,1,2,1,1,0,1313,9,0,0,1,1
0,0,0,0,1,1,1190,18,0,0,1,0
0,1,1,1,1,0,3448,5,1,0,0,1
1,1,3,1,1,2,11328,24,0,1,0,0
0,1,3,0,1,1,1872,6,0,0,1,1
1,1,2,1,1,0,2058,24,0,0,1,1
1,1,2,1,1,1,2136,9,0,0,1,1
1,1,2,1,0,2,1484,12,0,0,1,0
1,1,1,1,4,0,660,6,0,0,1,1
0,0,2,1,3,0,1287,24,0,1,0,1
0,1,0,1,1,1,3394,42,0,0,1,1
1,0,0,1,1,3,609,12,1,0,0,0
0,1,3,1,1,0,1884,12,0,1,0,1
1,0,2,1,1,1,1620,12,0,0,1,1
1,1,2,1,1,2,2629,20,0,1,0,1
0,1,1,1,1,0,719,12,1,0,0,0
1,0,3,1,1,2,5096,48,0,0,1,0
0,0,1,1,0,0,1244,9,1,0,0,1
0,0,2,1,1,1,1842,36,0,1,0,0
0,1,2,1,1,2,2576,7,0,0,1,1
0,0,3,1,0,3,1424,12,0,0,1,1
0,1,2,1,3,2,1512,15,0,0,1,0
1,1,3,1,0,0,11054,36,0,1,0,1
1,0,2,1,1,0,518,6,0,0,1,1
0,1,2,1,1,0,2759,12,0,0,1,1
0,1,3,1,1,0,2670,24,0,1,0,1
1,1,2,1,1,1,4817,24,0,1,0,0
1,0,3,1,1,0,2679,24,0,1,0,1
0,1,2,1,1,1,3905,11,0,1,0,1
0,1,2,0,1,1,3386,12,0,1,0,0
1,0,2,1,1,1,343,6,0,0,1,1
1,1,2,1,1,0,4594,18,0,0,1,1
0,1,2,1,1,1,3620,36,0,0,1,1
0,1,2,1,1,1,1721,15,0,1,0,1
0,0,3,1,1,2,3017,12,0,0,1,1
0,1,2,1,0,2,754,12,1,0,0,1
0,1,2,1,1,0,1950,18,1,0,0,1
0,1,2,1,1,1,2924,24,0,1,0,1
1,0,1,1,1,1,1659,24,0,0,1,0
1,1,2,1,0,0,7238,48,0,0,1,1
1,0,2,1,1,0,2764,33,1,0,0,1
0,1,1,1,1,0,4679,24,0,1,0,1
1,1,2,1,2,2,3092,24,0,0,1,0
1,0,2,1,1,1,448,6,1,0,0,0
1,1,1,1,1,1,654,9,0,1,0,0
0,1,3,1,0,0,1238,6,1,0,0,1
1,1,2,1,1,2,1245,18,0,0,1,0
1,0,2,1,1,1,3114,18,0,0,1,0
1,1,2,1,4,0,2569,39,0,1,0,1
1,1,2,1,1,3,5152,24,0,0,1,1
0,1,1,1,2,2,1037,12,1,0,0,1
0,1,2,1,1,1,1478,15,0,0,1,1
1,0,1,1,1,2,3573,12,0,0,1,1
1,1,2,1,1,2,1201,24,0,1,0,1
0,0,2,1,3,1,3622,30,0,0,1,1
1,0,2,1,3,0,960,15,0,0,1,1
0,1,2,1,4,0,1163,12,0,1,0,1
0,1,3,1,1,2,1209,6,0,1,0,0
0,1,2,1,1,0,3077,12,0,0,1,1
0,0,2,0,1,0,3757,24,0,1,0,1
0,1,1,1,2,0,1418,10,0,1,0,1
1,1,2,1,1,0,3518,6,0,1,0,1
1,1,2,1,1,0,1934,12,0,0,1,1
0,0,3,0,1,2,8318,27,1,0,0,0
1,0,2,1,2,0,1237,6,0,0,1,1
0,1,2,1,0,2,368,6,0,0,1,1
0,1,1,1,1,1,2122,12,0,1,0,1
1,1,2,1,0,1,2996,24,0,0,1,0
1,1,3,1,2,2,9034,36,0,0,1,0
0,1,2,1,1,0,1585,24,0,0,1,1
1,1,1,1,1,2,1301,18,0,0,1,1
1,1,2,1,2,3,1323,6,0,1,0,1
1,0,2,1,1,1,3123,24,0,1,0,0
0,1,2,0,1,1,5493,36,0,1,0,1
0,1,2,1,2,3,1126,9,0,0,1,1
0,1,2,1,2,2,1216,24,0,0,1,0
1,0,2,1,1,1,1207,24,0,1,0,0
1,1,1,1,0,0,1309,10,0,1,0,0
0,1,2,1,4,3,2360,15,0,1,0,1
0,1,3,1,2,2,6850,15,0,1,0,0
1,1,2,1,1,0,1413,24,0,0,1,1
0,1,3,1,2,0,8588,39,0,1,0,1
1,1,2,1,1,1,759,12,0,1,0,0
1,1,3,0,1,0,4686,36,0,1,0,1
1,1,2,1,1,3,2687,15,1,0,0,1
1,1,2,1,1,2,585,12,0,0,1,1
0,1,2,1,0,0,2255,24,0,1,0,1
0,0,2,1,1,1,609,6,0,1,0,1
0,1,1,1,1,1,1361,6,0,1,0,1
1,0,2,1,1,0,7127,36,0,0,1,0
0,1,2,1,2,1,1203,6,0,1,0,1
0,1,2,0,0,0,700,6,0,0,1,1
0,1,2,0,1,0,5507,24,0,0,1,1
1,0,2,1,1,1,3190,18,0,0,1,0
0,1,2,0,1,1,7119,48,0,0,1,0
1,0,2,1,2,0,3488,24,0,1,0,1
1,0,1,1,1,2,1113,18,0,0,1,1
1,1,2,1,1,2,7966,26,0,1,0,1
1,0,2,1,2,0,1532,15,1,0,0,1
0,1,1,1,1,0,1503,4,0,0,1,1
1,1,2,1,1,1,2302,36,0,0,1,0
0,1,1,1,1,1,662,6,0,1,0,1
1,1,2,1,1,2,2273,36,1,0,0,1
1,0,2,1,2,2,2631,15,0,1,0,0
0,1,2,1,1,0,1503,12,0,1,0,1
1,1,2,1,2,0,1311,24,0,0,1,1
1,1,2,1,0,0,3105,24,0,0,1,1
1,1,2,1,1,3,2319,21,1,0,0,0
0,0,3,1,0,1,1374,6,0,1,0,1
0,0,2,1,1,2,3612,18,0,0,1,1
0,1,3,0,1,1,7763,48,0,1,0,0
0,0,1,1,1,3,3049,18,0,0,1,1
1,1,2,1,1,2,1534,12,0,0,1,0
0,1,2,0,1,0,2032,24,0,1,0,1
1,1,2,1,0,1,6350,30,0,0,1,0
0,1,1,1,1,3,2864,18,0,0,1,0
0,1,1,1,1,0,1255,12,0,1,0,1
0,1,2,0,1,1,1333,24,0,1,0,0
0,0,2,1,1,0,2022,24,0,1,0,1
1,1,2,1,1,0,1552,24,0,0,1,1
1,0,1,1,1,1,626,12,0,0,1,0
0,1,2,0,0,0,8858,48,0,1,0,1
1,0,2,1,0,0,996,12,0,0,1,1
0,1,1,1,4,0,1750,6,0,0,1,1
0,1,2,1,1,1,6999,48,0,0,1,0
1,1,2,1,2,2,1995,12,0,1,0,1
0,0,3,1,1,2,1199,9,1,0,0,1
1,1,2,1,1,2,1331,12,0,0,1,0
1,0,2,1,2,2,2278,18,0,1,0,0
1,0,2,1,0,0,5003,21,0,1,0,0
1,1,2,1,1,1,3552,24,0,0,1,0
1,1,1,1,1,2,1928,18,0,0,1,0
0,1,2,0,0,1,2964,24,0,1,0,1
1,1,1,1,1,1,1546,24,0,0,1,0
1,0,2,1,1,3,683,6,0,0,1,1
0,1,2,0,0,2,12389,36,0,1,0,0
0,1,3,1,0,2,4712,24,1,0,0,1
1,0,2,1,2,2,1553,24,0,0,1,1
0,1,2,1,1,1,1372,12,0,1,0,0
0,1,2,1,3,0,2578,24,0,0,1,1
0,1,2,1,0,2,3979,48,0,0,1,1
1,0,2,1,1,1,6758,48,0,0,1,0
1,0,1,1,1,1,3234,24,0,0,1,0
0,1,2,1,1,0,5954,30,0,0,1,1
1,0,3,1,0,0,5433,24,0,1,0,1
1,0,1,1,1,1,806,15,1,0,0,1
1,1,1,1,1,2,1082,9,0,0,1,1
1,0,2,1,1,0,2788,15,0,0,1,1
1,0,2,1,1,2,2930,12,0,0,1,1
1,0,2,1,0,0,1927,24,1,0,0,1
1,1,2,1,1,2,2820,36,0,1,0,0
1,1,1,1,1,0,937,24,1,0,0,1
1,1,2,1,1,2,1056,18,0,1,0,0
0,1,1,1,1,2,3124,12,0,1,0,1
1,0,2,1,1,0,1388,9,0,0,1,1
1,1,1,1,1,2,2384,36,0,0,1,0
0,0,3,0,0,0,2133,12,0,1,0,1
1,0,2,1,1,1,2039,18,0,0,1,0
0,1,2,1,1,1,2799,9,0,1,0,1
1,1,1,1,1,1,1289,12,0,0,1,1
0,1,1,1,1,1,1217,18,0,0,1,0
0,1,2,1,1,1,2246,12,0,0,1,0
0,0,1,1,1,1,385,12,0,0,1,1
0,0,2,1,0,2,1965,24,0,1,0,1
0,0,1,1,3,0,1572,21,1,0,0,1
1,0,1,1,1,2,2718,24,0,1,0,0
0,1,3,1,0,1,1358,24,0,1,0,0
1,0,1,1,2,2,931,6,0,1,0,0
1,0,2,1,1,1,1442,24,0,1,0,0
0,1,1,1,1,2,4241,24,1,0,0,0
1,1,2,1,1,0,2775,18,0,1,0,0
1,1,2,0,1,0,3863,24,1,0,0,1
0,0,2,1,1,2,2329,7,0,0,1,1
1,0,2,1,1,2,918,9,0,0,1,0
0,0,1,0,1,2,1837,24,1,0,0,0
1,0,3,1,1,0,3349,36,0,0,1,0
1,0,2,1,1,3,1275,10,0,0,1,1
1,1,2,1,4,1,2828,24,0,0,1,1
0,1,3,1,1,0,4526,24,1,0,0,1
0,0,2,0,2,2,2671,36,0,0,1,0
1,1,2,1,1,0,2051,18,0,0,1,1
0,1,2,0,0,0,1300,15,0,1,0,1
1,0,2,1,2,1,741,12,0,0,1,0
0,0,1,0,2,3,1240,10,0,1,0,0
1,0,2,1,3,1,3357,21,0,0,1,1
1,0,2,1,1,1,3632,24,0,1,0,1
1,0,2,1,1,0,1808,18,0,0,1,0
0,1,3,1,0,2,12204,48,1,0,0,1
1,1,3,0,0,2,9157,60,0,0,1,1
0,1,2,1,1,1,3676,6,0,1,0,1
1,0,2,1,2,2,3441,30,0,0,1,0
0,1,1,1,1,0,640,12,0,1,0,1
1,1,2,1,1,2,3652,21,1,0,0,1
1,1,2,1,1,0,1530,18,0,1,0,0
0,1,2,1,0,0,3914,48,1,0,0,0
1,0,2,1,1,1,1858,12,0,0,1,1
0,1,2,0,1,1,2600,18,0,0,1,0
0,1,2,1,0,0,1979,15,0,0,1,1
0,1,2,1,1,3,2116,6,0,0,1,1
1,1,2,1,2,2,1437,9,0,1,0,0
0,1,2,1,4,0,4042,42,0,0,1,1
0,1,1,1,0,0,3832,9,1,0,0,1
1,0,2,1,1,1,3660,24,0,0,1,1
0,1,2,1,1,1,1553,18,0,0,1,0
1,1,2,1,0,2,1444,15,0,0,1,1
1,0,2,1,1,0,1980,9,0,0,1,0
1,0,1,1,1,2,1355,24,0,1,0,0
0,1,2,1,1,0,1393,12,1,0,0,1
1,0,2,1,4,0,1376,24,0,0,1,1
1,1,2,1,1,0,15653,60,0,0,1,1
0,0,2,1,1,0,1493,12,0,0,1,1
1,1,2,1,1,1,4370,42,0,0,1,0
1,0,0,1,1,1,750,18,1,0,0,0
0,1,1,1,1,2,1308,15,0,0,1,1
0,1,3,1,2,0,4623,15,1,0,0,0
1,1,2,1,1,0,1851,24,0,0,1,1
1,1,3,1,1,1,1880,18,0,0,1,1
1,1,2,1,0,0,7980,36,1,0,0,0
1,1,2,1,1,1,4583,30,0,0,1,1
1,0,2,1,4,0,1386,12,0,1,0,0
0,1,2,0,1,3,947,24,0,1,0,0
0,1,1,1,1,1,684,12,1,0,0,0
0,1,3,0,1,1,7476,48,1,0,0,1
0,1,1,1,1,2,1922,12,0,0,1,0
0,1,2,1,1,1,2303,24,0,1,0,0
0,1,3,1,2,2,8086,36,0,1,0,0
0,1,2,1,1,0,2346,24,0,1,0,1
1,1,2,0,1,1,3973,14,0,1,0,1
0,1,1,1,1,2,888,12,0,1,0,0
0,1,2,1,0,0,10222,48,0,0,1,1
1,0,2,1,1,2,4221,30,1,0,0,1
0,1,2,1,1,2,6361,18,0,0,1,1
1,1,2,1,1,3,1297,12,0,0,1,1
1,1,2,1,0,1,900,12,0,1,0,0
0,1,2,1,1,0,2241,21,0,0,1,1
0,1,3,1,1,2,1050,6,0,0,1,1
0,0,1,1,1,3,1047,6,1,0,0,1
1,1,3,1,1,0,6314,24,0,1,0,1
0,1,2,1,3,2,3496,30,0,0,1,1
1,0,2,1,1,0,3609,48,1,0,0,1
0,1,2,1,1,1,4843,12,0,1,0,0
0,1,2,1,1,3,3017,30,0,0,1,1
1,1,1,1,2,0,4139,24,1,0,0,1
1,1,2,1,2,0,5742,36,1,0,0,1
0,1,3,1,1,0,10366,60,0,1,0,1
1,1,2,1,4,0,2080,6,0,1,0,1
0,1,1,1,4,0,2580,21,1,0,0,0
1,0,3,1,1,0,4530,30,0,0,1,1
1,1,2,1,1,0,5150,24,0,0,1,1
1,1,2,1,2,2,5595,72,0,0,1,0
0,1,1,1,1,1,2384,24,0,0,1,1
1,0,2,1,1,0,1453,18,0,0,1,1
0,0,2,1,1,0,1538,6,1,0,0,1
0,1,2,0,0,0,2279,12,0,0,1,1
1,1,2,1,1,0,1478,15,0,0,1,1
0,1,2,0,1,0,5103,24,0,0,1,1
1,1,1,1,2,2,9857,36,1,0,0,1
0,1,2,0,0,0,6527,60,0,1,0,1
1,1,2,1,0,3,1347,10,0,0,1,1
1,1,2,0,2,2,2862,36,0,1,0,1
0,1,2,1,2,0,2753,9,0,0,1,1
1,1,2,1,3,1,3651,12,0,1,0,1
1,1,2,1,1,1,975,15,0,0,1,1
1,0,1,1,2,2,2631,15,0,0,1,1
1,1,2,1,2,2,2896,24,0,0,1,1
0,1,1,1,0,1,4716,6,0,1,0,1
1,1,2,1,1,0,2284,24,0,0,1,1
0,1,2,1,4,0,1236,6,0,1,0,1
1,1,2,1,1,2,1103,12,0,0,1,1
0,0,0,1,1,0,926,12,0,1,0,1
1,1,2,1,1,0,1800,18,0,0,1,1
0,1,3,1,1,3,1905,15,1,0,0,1
1,0,1,1,4,0,1123,12,0,0,1,0
0,1,2,0,1,1,6331,48,0,1,0,0
0,0,2,0,2,3,1377,24,0,0,1,1
0,1,2,1,2,2,2503,30,1,0,0,1
1,0,2,1,1,2,2528,27,1,0,0,1
0,0,2,0,4,0,5324,15,0,1,0,1
1,1,2,1,2,2,6560,48,0,1,0,0
1,0,2,1,1,2,2969,12,0,0,1,0
1,0,2,1,1,2,1206,9,0,0,1,1
0,1,1,1,1,2,2118,9,0,0,1,1
1,1,3,1,4,0,629,18,0,0,1,1
0,0,2,0,1,1,1198,6,1,0,0,0
0,1,3,1,0,0,2476,21,0,1,0,1
1,1,1,1,1,1,1138,9,0,0,1,1
1,1,3,1,1,2,14027,60,0,1,0,0
0,1,2,1,0,0,7596,30,0,1,0,1
0,1,2,1,0,0,3077,30,0,0,1,1
1,1,3,0,1,0,1505,18,0,0,1,1
1,1,2,1,0,3,3148,24,0,0,1,1
1,1,2,1,2,2,6148,20,0,1,0,1
0,1,3,1,1,3,1337,9,0,0,1,0
1,0,2,1,3,2,433,6,1,0,0,0
1,0,1,1,1,1,1228,12,0,1,0,0
0,0,1,1,4,2,790,9,0,0,1,1
1,0,2,1,1,0,2570,27,0,1,0,0
0,0,1,1,3,0,250,6,0,1,0,1
0,1,1,1,4,0,1316,15,0,0,1,1
1,0,2,1,1,1,1882,18,0,0,1,0
0,0,2,1,1,2,6416,48,1,0,0,0
0,1,2,1,3,3,1275,24,1,0,0,1
1,1,2,1,1,2,6403,24,0,0,1,1
1,1,1,1,1,1,1987,24,0,0,1,0
0,0,1,1,1,2,760,8,0,0,1,1
1,0,2,1,3,0,2603,24,0,1,0,1
0,0,2,1,1,0,3380,4,0,1,0,1
1,0,0,1,0,2,3990,36,0,0,1,1
1,0,3,1,1,2,11560,24,0,1,0,0
0,1,1,1,2,1,4380,18,0,1,0,1
0,1,3,1,1,0,6761,6,0,1,0,1
1,0,1,1,2,2,4280,30,1,0,0,0
1,1,2,1,2,1,2325,24,0,1,0,1
1,1,1,1,1,2,1048,10,0,0,1,1
0,1,2,1,0,0,3160,21,0,0,1,1
1,1,2,1,4,1,2483,24,0,0,1,1
1,1,3,1,0,1,14179,39,0,0,1,1
1,1,1,1,1,1,1797,13,1,0,0,1
1,0,2,1,1,1,2511,15,0,1,0,1
0,0,1,1,1,1,1274,12,0,1,0,0
1,1,2,1,0,0,5248,21,0,1,0,1
1,1,2,1,1,0,3029,15,0,1,0,1
0,0,2,1,1,1,428,6,0,0,1,1
1,0,1,1,1,1,976,18,0,1,0,0
1,0,1,1,2,2,841,12,1,0,0,1
1,0,2,1,1,0,5771,30,0,0,1,1
0,1,2,0,3,0,1555,12,0,0,1,0
1,0,2,1,0,1,1285,24,0,1,0,0
0,1,0,1,1,3,1299,6,0,1,0,1
0,1,2,0,0,3,1271,15,0,0,1,0
1,1,2,1,1,0,1393,24,0,1,0,1
0,1,2,1,1,1,691,12,0,1,0,0
0,0,2,1,0,0,5045,15,0,1,0,1
1,0,2,1,1,1,2124,18,0,0,1,0
1,1,1,1,1,1,2214,12,0,0,1,1
1,1,3,0,0,0,12680,21,0,1,0,0
1,1,2,1,2,0,2463,24,0,1,0,1
0,1,1,1,1,2,1155,12,0,0,1,1
1,1,1,1,1,1,3108,30,0,0,1,0
1,0,2,1,0,0,2901,10,0,1,0,1
1,1,2,1,1,2,3617,12,0,0,1,1
0,1,1,1,1,0,1655,12,0,0,1,1
1,0,2,1,0,1,2812,24,0,1,0,1
1,0,3,1,1,1,8065,36,1,0,0,0
0,1,3,1,1,0,3275,21,0,1,0,1
0,1,2,1,2,0,2223,24,0,0,1,1
0,1,0,0,4,3,1480,12,0,1,0,1
1,0,2,1,0,1,1371,24,0,1,0,0
0,1,2,1,1,0,3535,36,0,1,0,1
1,0,2,1,1,1,3509,18,0,0,1,1
0,1,3,1,3,0,5711,36,0,1,0,1
0,0,2,1,1,2,3872,18,0,0,1,1
1,1,2,1,1,2,4933,39,0,0,1,0
0,1,2,1,3,0,1940,24,0,1,0,1
1,1,1,1,1,2,1410,12,1,0,0,1
1,0,1,1,2,2,836,12,0,1,0,0
0,1,3,1,0,2,6468,20,0,1,0,1
0,1,1,1,3,2,1941,18,1,0,0,1
0,1,2,1,4,0,2675,22,0,0,1,1
0,1,2,1,0,0,2751,48,0,1,0,1
0,1,2,0,1,2,6224,48,1,0,0,0
1,1,2,1,1,1,5998,40,1,0,0,0
0,0,2,1,1,2,1188,21,1,0,0,0
0,1,3,1,0,0,6313,24,0,1,0,1
1,1,2,1,0,0,1221,6,0,0,1,1
0,1,2,0,1,3,2892,24,0,0,1,1
1,1,2,1,4,0,3062,24,0,0,1,1
1,0,2,1,2,0,2301,9,0,0,1,1
0,1,2,0,0,1,7511,18,0,1,0,0
1,0,1,1,1,0,1258,12,0,0,1,1
0,1,2,1,0,0,717,24,0,1,0,1
0,1,0,1,0,2,1549,9,0,1,0,1
0,1,2,0,1,0,1597,24,1,0,0,1
0,0,1,1,1,2,1795,18,0,0,1,1
1,0,2,1,1,1,4272,20,0,0,1,1
0,1,2,1,0,0,976,12,0,0,1,1
1,0,0,1,0,2,7472,12,0,1,0,1
1,1,2,1,1,1,9271,36,0,1,0,0
1,1,1,1,1,2,590,6,0,0,1,1
0,1,2,1,0,0,930,12,0,0,1,1
0,1,3,0,1,2,9283,42,0,1,0,1
1,0,0,1,1,2,1778,15,0,1,0,0
1,1,2,1,1,2,907,8,1,0,0,1
1,1,1,1,1,2,484,6,0,0,1,1
1,1,2,1,1,1,9629,36,0,1,0,0
0,1,2,1,1,1,3051,48,0,0,1,0
0,1,2,0,1,1,3931,48,0,1,0,0
0,0,2,1,1,2,7432,36,0,1,0,1
0,1,2,1,4,0,1338,6,0,0,1,1
1,0,2,1,1,0,1554,6,0,0,1,1
0,1,3,1,1,1,15857,36,0,1,0,1
1,1,2,1,1,1,1345,18,0,0,1,0
1,1,2,1,1,0,1101,12,0,1,0,1
1,1,2,1,1,3,3016,12,0,0,1,1
0,1,2,1,1,1,2712,36,0,0,1,0
0,1,1,1,1,1,731,8,0,1,0,1
0,1,3,1,1,0,3780,18,0,0,1,1
1,1,2,1,1,1,1602,21,0,1,0,1
1,0,2,1,1,1,3966,18,0,1,0,0
0,1,2,1,1,0,4165,18,1,0,0,0
0,1,2,0,0,1,8335,36,0,1,0,0
0,1,2,0,0,2,6681,48,1,0,0,1
0,1,2,1,4,0,2375,24,1,0,0,1
1,0,2,1,1,1,1216,18,0,1,0,0
1,1,2,1,1,1,11816,45,1,0,0,0
0,0,2,1,0,2,5084,24,0,0,1,1
1,0,1,1,1,3,2327,15,0,0,1,0
0,1,2,1,1,1,1082,12,0,1,0,0
1,0,2,1,0,0,886,12,0,0,1,1
1,0,1,1,1,0,601,4,0,0,1,1
0,1,2,1,1,1,2957,24,0,1,0,1
0,1,2,1,1,0,2611,24,0,0,1,1
1,1,2,1,1,1,5179,36,0,0,1,0
1,1,1,1,1,0,2993,21,0,1,0,1
1,0,2,1,1,0,1943,18,0,0,1,0
0,1,2,1,1,0,1559,24,1,0,0,1
0,1,2,1,1,0,3422,18,0,0,1,1
0,1,2,1,0,2,3976,21,0,0,1,1
0,1,2,1,0,0,6761,18,0,1,0,0
1,1,2,1,1,0,1249,24,0,1,0,1
0,1,2,1,1,1,1364,9,0,0,1,1
0,1,1,1,1,1,709,12,0,0,1,0
1,1,2,1,1,1,2235,20,0,1,0,0
0,1,2,1,0,0,4042,24,0,1,0,1
0,1,2,0,1,0,1471,15,0,0,1,1
1,1,1,0,1,1,1442,18,0,1,0,0
0,1,2,1,1,0,10875,36,0,1,0,1
1,1,2,1,2,0,1474,24,0,1,0,1
0,0,2,1,0,0,894,10,1,0,0,1
1,1,2,0,1,0,3343,15,0,0,1,1
1,0,2,1,1,1,3959,15,0,1,0,0
1,1,2,1,2,0,3577,9,0,1,0,1
1,1,2,1,3,0,5804,24,0,1,0,1
1,1,2,1,1,0,2169,18,1,0,0,0
0,0,2,1,1,1,2439,24,0,0,1,0
1,1,1,1,3,0,4526,27,0,0,1,1
1,1,1,1,1,0,2210,10,0,0,1,0
1,0,2,1,4,0,2221,15,0,0,1,1
1,0,2,1,1,1,2389,18,0,0,1,1
0,1,2,1,1,0,3331,12,0,0,1,1
0,1,2,1,0,0,7409,36,1,0,0,1
1,0,2,1,1,1,652,12,0,0,1,1
0,0,2,1,4,0,7678,36,0,0,1,1
0,1,2,1,1,3,1343,6,0,1,0,1
1,1,2,1,2,1,1382,24,1,0,0,1
1,0,2,1,0,0,874,15,0,0,1,1
1,1,1,1,1,1,3590,12,0,0,1,1
0,0,2,1,3,2,1322,11,0,1,0,1
0,1,3,0,1,1,1940,18,0,0,1,1
1,1,2,1,1,0,3595,36,0,0,1,1
1,1,3,0,1,1,1422,9,0,1,0,0
0,1,2,1,0,0,6742,30,0,0,1,1
0,1,3,1,1,0,7814,24,0,1,0,1
0,1,2,0,0,0,9277,24,0,1,0,1
0,1,2,1,0,2,2181,30,0,1,0,1
0,0,0,1,1,0,1098,18,0,0,1,1
0,1,2,1,1,2,4057,24,0,0,1,0
0,0,2,1,1,1,795,12,1,0,0,0
0,1,2,1,0,2,2825,24,1,0,0,1
1,1,2,1,1,2,15672,48,1,0,0,0
0,1,3,1,1,0,6614,36,0,1,0,1
0,1,2,1,0,0,7824,28,0,1,0,1
0,1,3,1,1,1,2442,27,1,0,0,1
0,1,2,1,1,0,1829,15,0,0,1,1
0,1,1,1,1,1,2171,12,0,1,0,1
0,1,2,1,1,2,5800,36,0,1,0,1
1,1,2,1,0,0,1169,18,0,0,1,1
1,1,3,1,0,0,8947,36,0,1,0,1
1,0,3,1,1,1,2606,21,0,0,1,1
0,0,2,1,3,0,1592,12,0,0,1,1
1,0,1,1,0,0,2186,15,0,0,1,1
0,1,2,1,1,1,4153,18,0,0,1,0
0,1,2,1,1,1,2625,16,0,1,0,0
0,1,2,1,0,0,3485,20,0,1,0,1
0,1,2,0,0,0,10477,36,0,1,0,1
0,1,2,1,0,0,1386,15,0,0,1,1
0,1,3,1,1,0,1278,24,0,0,1,1
1,1,3,1,1,1,1107,12,0,0,1,1
1,1,1,1,0,1,3763,21,0,1,0,1
1,1,2,1,0,2,3711,36,1,0,0,1
0,0,1,1,1,0,3594,15,0,1,0,1
1,0,1,1,0,2,3195,9,0,1,0,1
0,0,2,1,1,0,4454,36,0,0,1,1
1,0,1,1,1,2,4736,24,0,0,1,0
1,0,2,1,0,2,2991,30,0,0,1,1
1,1,2,1,3,0,2142,11,1,0,0,1
1,1,2,1,1,1,3161,24,1,0,0,0
1,0,3,1,1,2,18424,48,0,1,0,0
1,1,2,1,2,0,2848,10,0,1,0,1
0,1,3,1,1,1,14896,6,0,1,0,0
1,1,2,1,2,1,2359,24,0,0,1,0
0,1,3,1,1,1,3345,24,0,0,1,0
1,0,2,1,1,0,1817,18,0,0,1,1
0,1,3,1,4,0,12749,48,0,0,1,1
1,0,2,1,1,1,1366,9,0,0,1,0
1,1,2,1,1,2,2002,12,0,1,0,1
0,1,2,1,1,1,6872,24,0,0,1,0
0,1,2,1,1,1,697,12,0,1,0,0
1,0,2,1,1,1,1049,18,0,0,1,1
0,1,2,0,1,1,10297,48,0,1,0,0
0,1,2,1,0,0,1867,30,0,0,1,1
0,1,1,1,1,1,1344,12,0,1,0,1
1,1,1,1,1,1,1747,24,0,0,1,1
1,0,2,1,1,2,1670,9,0,0,1,0
1,1,2,1,1,0,1224,9,0,1,0,1
0,1,2,1,4,0,522,12,0,0,1,1
1,0,2,1,1,1,1498,12,0,0,1,1
1,1,3,1,2,2,1919,30,0,0,1,0
1,0,1,1,1,3,745,9,0,0,1,0
1,1,3,1,1,2,2063,6,0,0,1,1
0,1,2,0,1,2,6288,60,1,0,0,0
0,1,3,1,0,0,6842,24,0,1,0,1
0,1,3,1,0,0,3527,12,0,1,0,1
1,1,1,1,1,0,1546,10,0,1,0,1
1,1,2,1,0,0,929,24,0,0,1,1
0,1,1,1,1,0,1455,4,0,1,0,1
0,0,2,1,1,1,1845,15,0,0,1,1
1,0,2,1,4,2,8358,48,0,1,0,1
1,1,2,0,4,1,3349,24,0,0,1,0
0,1,3,1,0,0,2859,12,0,1,0,1
0,1,1,1,1,0,1533,18,0,0,1,0
1,1,2,1,2,0,3621,24,0,0,1,0
0,1,0,1,1,2,3590,18,1,0,0,1
1,1,2,1,1,1,2145,36,1,0,0,0
1,0,2,1,4,2,4113,24,0,1,0,0
1,0,3,1,1,0,10974,36,0,0,1,0
1,0,2,1,1,1,1893,12,0,1,0,1
0,0,3,1,3,1,1231,24,0,0,1,1
0,1,1,1,0,3,3656,30,0,0,1,1
0,1,1,1,1,2,1154,9,0,0,1,1
0,1,1,1,1,1,4006,28,0,1,0,0
1,1,2,0,2,2,3069,24,0,0,1,1
1,1,2,1,1,0,1740,6,0,0,1,1
0,1,2,1,1,2,2353,21,0,1,0,1
1,1,2,1,0,0,3556,15,0,1,0,1
0,1,2,1,4,0,2397,24,0,0,1,0
1,1,1,1,1,2,454,6,0,0,1,1
1,0,2,1,0,2,1715,30,0,0,1,1
1,1,1,1,4,2,2520,27,0,0,1,0
0,0,3,1,1,0,3568,15,0,0,1,1
1,1,2,1,0,0,7166,42,0,0,1,1
0,1,1,1,1,1,3939,11,0,1,0,1
1,1,2,1,2,2,1514,15,0,0,1,1
0,1,1,1,1,0,7393,24,0,1,0,1
1,0,0,1,1,1,1193,24,0,1,0,0
0,1,2,1,1,1,7297,60,1,0,0,0
1,0,2,1,1,0,2831,30,0,0,1,1
0,0,1,1,4,3,1258,24,0,0,1,1
0,0,2,1,1,2,753,6,0,0,1,1
0,1,2,1,0,2,2427,18,1,0,0,1
0,1,1,1,1,0,2538,24,0,1,0,0
1,1,2,1,2,2,1264,15,0,1,0,0
0,1,2,1,1,2,8386,30,0,0,1,0
1,1,3,1,1,0,4844,48,1,0,0,0
1,0,3,1,2,3,2923,21,0,1,0,1
1,1,2,1,1,1,8229,36,0,1,0,0
1,1,1,1,1,0,2028,24,0,0,1,1
1,0,2,1,1,1,1433,15,0,0,1,1
1,1,2,1,1,3,6289,42,1,0,0,1
0,0,2,1,2,0,1409,13,0,0,1,1
1,1,3,0,1,1,6579,24,0,1,0,1
0,1,1,1,1,2,1743,24,0,0,1,1
0,1,1,1,0,0,3565,12,1,0,0,1
0,1,1,1,2,0,1569,15,0,0,1,1
1,1,1,1,0,1,1936,18,0,0,1,1
1,1,3,1,1,1,3959,36,0,0,1,1
0,1,2,1,0,0,2390,12,0,1,0,1
1,0,1,1,1,0,1736,12,0,0,1,1
0,1,3,1,1,1,3857,30,0,1,0,1
0,1,2,1,1,0,804,12,0,0,1,1
1,1,2,0,1,1,1845,45,0,0,1,0
1,1,2,1,2,2,4576,45,0,1,0,1
